{
  "hash": "a741d211",
  "configHash": "278ea02c",
  "lockfileHash": "8a016afb",
  "browserHash": "8410d957",
  "optimized": {
    "@angular/common": {
      "src": "../../../../../../node_modules/@angular/common/fesm2022/common.mjs",
      "file": "@angular_common.js",
      "fileHash": "844145de",
      "needsInterop": false
    },
    "@angular/common/http": {
      "src": "../../../../../../node_modules/@angular/common/fesm2022/http.mjs",
      "file": "@angular_common_http.js",
      "fileHash": "a684dc41",
      "needsInterop": false
    },
    "@angular/core": {
      "src": "../../../../../../node_modules/@angular/core/fesm2022/core.mjs",
      "file": "@angular_core.js",
      "fileHash": "1c179912",
      "needsInterop": false
    },
    "@angular/forms": {
      "src": "../../../../../../node_modules/@angular/forms/fesm2022/forms.mjs",
      "file": "@angular_forms.js",
      "fileHash": "c09fe06b",
      "needsInterop": false
    },
    "@angular/platform-browser": {
      "src": "../../../../../../node_modules/@angular/platform-browser/fesm2022/platform-browser.mjs",
      "file": "@angular_platform-browser.js",
      "fileHash": "ed4f9c3c",
      "needsInterop": false
    },
    "@angular/router": {
      "src": "../../../../../../node_modules/@angular/router/fesm2022/router.mjs",
      "file": "@angular_router.js",
      "fileHash": "38b30ec5",
      "needsInterop": false
    }
  },
  "chunks": {
    "chunk-6B5DLJGB": {
      "file": "chunk-6B5DLJGB.js"
    },
    "chunk-5O7UXC72": {
      "file": "chunk-5O7UXC72.js"
    },
    "chunk-F4MHPLJM": {
      "file": "chunk-F4MHPLJM.js"
    },
    "chunk-RLCHPMYA": {
      "file": "chunk-RLCHPMYA.js"
    },
    "chunk-PBHXNFQD": {
      "file": "chunk-PBHXNFQD.js"
    }
  }
}